id,first_name,last_name,email,gender,ip_address
1,Harrison,Dodgson,hdodgson0@freewebs.com,Male,189.221.159.240
2,Maiga,Babbidge,mbabbidge1@php.net,Female,2.225.61.216
3,Kylie,Lilleycrop,klilleycrop2@google.fr,Female,150.122.68.240
4,Sybilla,Predohl,spredohl3@bravesites.com,Female,19.24.170.83
5,Any,Macconachy,amacconachy4@slate.com,Male,161.121.176.40
6,Valle,Waddy,vwaddy5@oracle.com,Male,212.130.231.202
7,Gloriane,Kernoghan,gkernoghan6@deviantart.com,Female,247.140.242.106
8,Aluino,Snarr,asnarr7@webs.com,Male,57.174.170.176
9,Carrol,Moodycliffe,cmoodycliffe8@digg.com,Male,43.230.114.15
10,Guenna,Baribal,gbaribal9@eventbrite.com,Female,117.130.220.96
11,Vladimir,Bredee,vbredeea@live.com,Male,214.11.29.74
12,Jeramie,Fearney,jfearneyb@businessinsider.com,Male,113.236.3.15
13,Nevil,Stamper,nstamperc@about.me,Male,123.104.50.189
14,Carol,Papez,cpapezd@last.fm,Female,7.80.98.138
15,Grenville,Huchot,ghuchote@hao123.com,Male,221.10.208.127
16,Daria,Bazell,dbazellf@chronoengine.com,Female,38.154.219.128
17,Hayden,Bogges,hboggesg@about.me,Male,116.99.195.49
18,Rudolf,MacGiany,rmacgianyh@mysql.com,Male,173.78.239.140
19,Nolly,Fritz,nfritzi@quantcast.com,Male,22.90.121.203
20,Dagmar,Clampin,dclampinj@icq.com,Female,135.219.98.54
21,Denver,Tretter,dtretterk@issuu.com,Non-binary,5.88.185.163
22,Dominique,Sorbie,dsorbiel@harvard.edu,Male,26.255.93.215
23,Linet,Isack,lisackm@4shared.com,Genderqueer,209.88.238.29
24,Dene,Sangwin,dsangwinn@cloudflare.com,Male,12.249.186.183
25,Ferdinand,Bletcher,fbletchero@europa.eu,Male,63.192.85.46
26,Betteann,Aspinwall,baspinwallp@infoseek.co.jp,Female,253.130.84.74
27,Verina,Wyrill,vwyrillq@marketwatch.com,Female,234.49.27.105
28,Ragnar,Linkleter,rlinkleterr@mlb.com,Male,193.232.122.248
29,Teresita,McFadden,tmcfaddens@usatoday.com,Female,140.117.41.141
30,Annabal,Vaune,avaunet@eventbrite.com,Female,183.57.191.54
31,Sarge,O'Grogane,sogroganeu@delicious.com,Male,150.175.23.221
32,Bing,Stoeck,bstoeckv@discovery.com,Male,235.171.92.230
33,Kayla,Izhak,kizhakw@skyrock.com,Genderqueer,31.231.220.194
34,Phillida,Gabrieli,pgabrielix@opensource.org,Female,85.190.124.147
35,Winnifred,Pimblott,wpimblotty@fastcompany.com,Female,48.222.106.243
36,Judi,Rowberry,jrowberryz@phpbb.com,Female,251.121.223.166
37,Dimitry,Twinborne,dtwinborne10@umn.edu,Male,198.192.192.111
38,Staford,MacIlurick,smacilurick11@sitemeter.com,Male,86.46.66.1
39,Paulie,Gozzett,pgozzett12@illinois.edu,Male,67.82.237.33
40,Oren,Swindells,oswindells13@sun.com,Male,211.210.52.77
41,Had,Brogden,hbrogden14@sun.com,Male,78.209.150.138
42,Jermayne,Larmour,jlarmour15@sciencedirect.com,Male,249.61.122.201
43,Baird,Shoebotham,bshoebotham16@github.com,Male,121.153.236.219
44,Rosaleen,Curee,rcuree17@accuweather.com,Female,2.144.129.117
45,Leone,Foxton,lfoxton18@merriam-webster.com,Female,84.243.229.227
46,Laurice,McIlenna,lmcilenna19@apache.org,Female,11.110.200.17
47,Nefen,Gathercoal,ngathercoal1a@china.com.cn,Male,183.227.208.239
48,Nehemiah,Doggerell,ndoggerell1b@pen.io,Male,69.43.19.226
49,Marcile,Kimbling,mkimbling1c@deliciousdays.com,Female,185.228.254.139
50,Ly,Deering,ldeering1d@technorati.com,Male,79.75.100.46
51,Cleon,Davidoff,cdavidoff1e@ihg.com,Male,233.46.41.30
52,Carola,MacConneely,cmacconneely1f@seattletimes.com,Female,10.94.185.28
53,Tomas,Midner,tmidner1g@abc.net.au,Male,238.233.251.149
54,Salem,Calleja,scalleja1h@netvibes.com,Male,192.148.185.214
55,Thurstan,Plitz,tplitz1i@wufoo.com,Male,149.84.173.138
56,Clarinda,Epgrave,cepgrave1j@shutterfly.com,Female,163.243.232.17
57,Cher,Lillicrop,clillicrop1k@mapy.cz,Female,59.255.181.185
58,Nickie,Petrulis,npetrulis1l@privacy.gov.au,Female,251.212.34.233
59,Clive,Yeeles,cyeeles1m@artisteer.com,Agender,148.123.210.0
60,Urson,Giovanizio,ugiovanizio1n@myspace.com,Male,126.109.227.129
61,Lethia,Altofts,laltofts1o@google.com.au,Female,76.71.142.57
62,Cullen,Swetenham,cswetenham1p@live.com,Male,143.148.70.244
63,Minor,Calcut,mcalcut1q@squarespace.com,Male,210.61.7.12
64,Regine,Reijmers,rreijmers1r@bluehost.com,Female,32.167.250.240
65,Eddy,Comber,ecomber1s@dot.gov,Female,20.11.94.57
66,Dori,Rougier,drougier1t@devhub.com,Female,215.158.121.171
67,Conrad,Ochterlony,cochterlony1u@pen.io,Male,37.42.242.221
68,Kayla,Bruhnsen,kbruhnsen1v@123-reg.co.uk,Female,120.202.64.246
69,Justin,Payton,jpayton1w@patch.com,Male,137.51.7.16
70,Petunia,Hark,phark1x@taobao.com,Female,193.186.220.114
71,Astrix,De Mars,ademars1y@examiner.com,Female,47.230.42.141
72,Colas,Gynn,cgynn1z@businessweek.com,Non-binary,131.213.249.171
73,Terry,Selby,tselby20@mashable.com,Female,74.166.110.234
74,Berry,Tree,btree21@so-net.ne.jp,Female,119.80.157.164
75,Herold,Cahan,hcahan22@multiply.com,Male,4.166.3.250
76,Palmer,Gosdin,pgosdin23@weibo.com,Male,145.106.39.168
77,Harbert,Paolozzi,hpaolozzi24@prlog.org,Male,3.200.250.107
78,Free,Darwent,fdarwent25@china.com.cn,Male,213.185.129.22
79,Rakel,Wadie,rwadie26@walmart.com,Female,29.169.43.92
80,Eloisa,Draude,edraude27@nhs.uk,Female,121.63.42.181
81,Gerome,Auchterlonie,gauchterlonie28@360.cn,Male,30.54.228.53
82,Alistair,Rochewell,arochewell29@51.la,Male,185.172.252.58
83,Zonnya,Moffet,zmoffet2a@nyu.edu,Female,19.74.123.102
84,Lauren,Stoeckle,lstoeckle2b@army.mil,Male,190.253.73.224
85,Xavier,Noke,xnoke2c@disqus.com,Male,177.98.62.139
86,Zedekiah,Glandfield,zglandfield2d@tripadvisor.com,Male,116.112.189.125
87,Zita,Raraty,zraraty2e@spiegel.de,Female,249.78.187.38
88,Carver,Follacaro,cfollacaro2f@discuz.net,Male,95.228.97.237
89,Kendall,Matussevich,kmatussevich2g@springer.com,Male,218.83.22.109
90,Adorne,Elfes,aelfes2h@infoseek.co.jp,Female,80.49.232.238
91,Jamil,Raisbeck,jraisbeck2i@reddit.com,Male,64.137.217.204
92,Rosaline,Golda,rgolda2j@php.net,Female,131.72.44.198
93,Miquela,Shrigley,mshrigley2k@wired.com,Female,249.47.162.48
94,Berthe,Van Der Hoog,bvanderhoog2l@theguardian.com,Female,70.121.165.111
95,Olympia,Hebblewhite,ohebblewhite2m@nifty.com,Female,7.54.153.236
96,Bride,Winkett,bwinkett2n@hp.com,Polygender,55.224.135.108
97,Kerrill,Curnnok,kcurnnok2o@deviantart.com,Female,81.11.181.170
98,Fannie,Oakeshott,foakeshott2p@zdnet.com,Female,23.227.96.119
99,Broderic,Bordone,bbordone2q@miitbeian.gov.cn,Male,227.246.105.189
100,Katherina,Partington,kpartington2r@hud.gov,Female,67.82.132.57
101,Alexandro,Brognot,abrognot2s@nydailynews.com,Male,166.238.110.134
102,Boyce,Wrightam,bwrightam2t@goo.ne.jp,Bigender,107.104.3.199
103,Lorrie,Pennigar,lpennigar2u@freewebs.com,Male,120.30.251.230
104,Alvin,Kettlewell,akettlewell2v@uol.com.br,Male,111.74.148.212
105,Tommie,Brooke,tbrooke2w@dagondesign.com,Male,164.149.31.82
106,Bonnibelle,Kohring,bkohring2x@house.gov,Female,128.107.138.207
107,Ileana,Astley,iastley2y@yale.edu,Female,42.234.216.116
108,Krisha,McDavid,kmcdavid2z@mashable.com,Male,24.66.154.80
109,Gerome,Pulley,gpulley30@fc2.com,Male,205.249.137.66
110,Lynn,Grigolli,lgrigolli31@people.com.cn,Male,54.37.136.140
111,Lorene,Babidge,lbabidge32@auda.org.au,Female,209.29.177.218
112,Lucian,Mazzey,lmazzey33@cbsnews.com,Male,153.208.174.73
113,Myca,Maddigan,mmaddigan34@aboutads.info,Male,108.60.17.146
114,Agnese,Berling,aberling35@arizona.edu,Female,150.160.32.203
115,Graeme,Kleinholz,gkleinholz36@pinterest.com,Male,136.158.51.58
116,Merissa,Wiersma,mwiersma37@abc.net.au,Female,181.249.132.210
117,Barbaraanne,Gallardo,bgallardo38@usgs.gov,Female,14.235.30.1
118,Inigo,Horick,ihorick39@baidu.com,Male,200.174.241.201
119,Tamera,Bowra,tbowra3a@un.org,Non-binary,236.221.185.249
120,Erhart,Ansty,eansty3b@mit.edu,Male,251.226.135.48
121,Blythe,Hennington,bhennington3c@pen.io,Female,81.192.164.176
122,Bradley,Carillo,bcarillo3d@topsy.com,Male,249.198.237.109
123,Caren,Pauluzzi,cpauluzzi3e@oracle.com,Female,44.116.242.41
124,Joella,Starkings,jstarkings3f@meetup.com,Female,49.176.211.41
125,Rochelle,Gooly,rgooly3g@ycombinator.com,Female,87.205.32.85
126,Shanan,Slipper,sslipper3h@uiuc.edu,Male,124.164.137.34
127,Shaun,Phettiplace,sphettiplace3i@nih.gov,Female,173.112.96.238
128,Allin,Behning,abehning3j@about.com,Male,123.188.66.142
129,Iggy,Idale,iidale3k@infoseek.co.jp,Male,172.62.251.107
130,Baillie,Wickling,bwickling3l@webeden.co.uk,Male,213.2.35.85
131,Sven,Peartree,speartree3m@instagram.com,Male,1.59.234.22
132,Simonette,Vogele,svogele3n@google.com.br,Female,51.199.53.193
133,Tommy,Dummigan,tdummigan3o@slashdot.org,Male,228.118.141.91
134,Patrick,Sissot,psissot3p@utexas.edu,Male,176.28.252.195
135,Jimmie,Gerleit,jgerleit3q@dyndns.org,Male,165.201.51.161
136,Norma,Vedyashkin,nvedyashkin3r@blogspot.com,Bigender,62.14.87.123
137,Eliot,Beeble,ebeeble3s@over-blog.com,Male,88.178.83.55
138,Mahala,Cobbald,mcobbald3t@soundcloud.com,Female,109.122.226.86
139,Kamila,Gormally,kgormally3u@360.cn,Genderqueer,47.120.139.45
140,Clifford,Bennetts,cbennetts3v@joomla.org,Male,124.93.251.212
141,Lonni,Liversedge,lliversedge3w@miibeian.gov.cn,Female,169.4.48.92
142,Trey,Jendas,tjendas3x@nifty.com,Male,16.239.237.64
143,Claretta,Koschek,ckoschek3y@yahoo.com,Female,9.250.237.55
144,Rosabel,Heavens,rheavens3z@latimes.com,Female,49.64.35.138
145,Elysha,Lovatt,elovatt40@google.com.au,Female,178.131.172.32
146,Garreth,Rushmer,grushmer41@livejournal.com,Male,7.189.82.77
147,Carolus,Lindsley,clindsley42@mozilla.com,Male,218.165.35.35
148,Lindsy,Rossin,lrossin43@linkedin.com,Genderfluid,196.153.36.182
149,Renata,Chatwin,rchatwin44@wordpress.org,Female,11.39.91.204
150,Sheila,Antunes,santunes45@nhs.uk,Female,80.12.78.149
151,Had,Cadd,hcadd46@hp.com,Male,26.60.11.224
152,Othello,Bossons,obossons47@google.cn,Male,199.171.227.196
153,Dorene,Hissett,dhissett48@skype.com,Female,107.14.234.95
154,Zollie,Dicke,zdicke49@issuu.com,Male,141.126.97.42
155,Glori,Raithby,graithby4a@mtv.com,Genderfluid,240.192.95.108
156,Maurise,Ferschke,mferschke4b@reverbnation.com,Female,1.164.42.156
157,Worthington,Bourdel,wbourdel4c@bloomberg.com,Male,230.30.28.58
158,Francoise,Stainer,fstainer4d@bloomberg.com,Female,126.61.162.221
159,Eduardo,Cregg,ecregg4e@technorati.com,Male,160.65.152.19
160,Datha,Tilte,dtilte4f@shinystat.com,Female,211.59.48.236
161,Cleve,Shopcott,cshopcott4g@homestead.com,Male,83.44.103.59
162,Worthington,Bambrugh,wbambrugh4h@nature.com,Male,3.245.160.82
163,Milt,McClenan,mmcclenan4i@samsung.com,Male,69.80.14.180
164,Lottie,Sargood,lsargood4j@mail.ru,Female,77.192.128.79
165,Elise,Kovelmann,ekovelmann4k@omniture.com,Female,144.96.61.229
166,Clement,Ortzen,cortzen4l@mediafire.com,Male,95.59.171.69
167,Caz,Maslen,cmaslen4m@twitter.com,Male,105.212.210.224
168,Peadar,Densie,pdensie4n@themeforest.net,Male,168.30.170.204
169,Hamnet,Fylan,hfylan4o@simplemachines.org,Male,115.143.19.177
170,Sammy,Dimond,sdimond4p@sciencedaily.com,Male,233.242.68.226
171,Clare,Hatchette,chatchette4q@cbsnews.com,Female,59.62.239.203
172,Karol,Guile,kguile4r@elpais.com,Female,38.187.68.44
173,Grazia,Hlavac,ghlavac4s@weather.com,Female,25.60.13.97
174,Demetri,Latey,dlatey4t@ocn.ne.jp,Male,35.228.88.222
175,Cleopatra,Fallows,cfallows4u@typepad.com,Female,114.68.206.51
176,Franklyn,Infante,finfante4v@dot.gov,Male,154.18.102.87
177,Ada,Skeete,askeete4w@tuttocitta.it,Female,57.121.153.213
178,Doris,Collumbell,dcollumbell4x@nymag.com,Female,0.15.17.12
179,Burnaby,Hemmingway,bhemmingway4y@omniture.com,Male,21.125.35.137
180,Koren,O'Kerin,kokerin4z@free.fr,Female,111.57.113.92
181,Nanice,Kezor,nkezor50@cyberchimps.com,Female,82.73.230.172
182,Nanine,Pagram,npagram51@merriam-webster.com,Female,110.250.54.150
183,Odilia,Gumbley,ogumbley52@wufoo.com,Female,55.101.48.130
184,Ashla,Heugh,aheugh53@multiply.com,Female,171.75.29.218
185,Milicent,Dannehl,mdannehl54@omniture.com,Female,55.152.221.150
186,Glori,Matyas,gmatyas55@webs.com,Female,158.202.71.104
187,Cully,Penrice,cpenrice56@arstechnica.com,Male,210.162.117.221
188,Duff,Corking,dcorking57@fc2.com,Male,201.43.238.93
189,Cassey,Scarbarrow,cscarbarrow58@pbs.org,Female,130.22.178.192
190,Karolina,Deerr,kdeerr59@mapquest.com,Female,25.140.72.236
191,Bernard,Shay,bshay5a@woothemes.com,Male,56.144.178.128
192,Jedediah,Dalby,jdalby5b@rediff.com,Male,184.39.239.232
193,Price,Parffrey,pparffrey5c@abc.net.au,Male,225.194.139.115
194,Terence,Aberdeen,taberdeen5d@angelfire.com,Male,217.187.59.158
195,Natty,Ambresin,nambresin5e@wp.com,Male,52.228.87.26
196,Maddie,Bill,mbill5f@toplist.cz,Female,51.87.254.4
197,Finlay,Stevens,fstevens5g@xing.com,Male,238.244.77.133
198,Merwyn,De Mico,mdemico5h@statcounter.com,Male,237.46.38.92
199,Darda,Garvie,dgarvie5i@ebay.com,Non-binary,198.201.238.31
200,Lorant,Gussie,lgussie5j@washington.edu,Male,57.242.44.35
201,Poul,Bragg,pbragg5k@networkadvertising.org,Male,58.42.40.121
202,Angeline,Blackler,ablackler5l@nationalgeographic.com,Female,7.59.214.216
203,Silvie,Kiledal,skiledal5m@live.com,Female,204.156.138.191
204,Halley,Dreigher,hdreigher5n@npr.org,Female,202.236.195.17
205,Vivien,Folca,vfolca5o@princeton.edu,Female,189.227.193.204
206,Tye,Flannigan,tflannigan5p@un.org,Male,199.108.190.213
207,Loutitia,Bonnier,lbonnier5q@imdb.com,Female,215.126.116.125
208,Clemmy,Oley,coley5r@clickbank.net,Agender,106.30.85.238
209,Burke,Czaja,bczaja5s@exblog.jp,Male,30.177.65.236
210,Diarmid,Travis,dtravis5t@senate.gov,Male,252.0.241.7
211,Rozanne,Derx,rderx5u@elegantthemes.com,Female,120.177.19.209
212,Obidiah,Carrigan,ocarrigan5v@howstuffworks.com,Male,133.195.208.146
213,Matty,Fattore,mfattore5w@discovery.com,Male,70.145.109.153
214,Caty,Brothwell,cbrothwell5x@apple.com,Genderfluid,113.67.3.137
215,Burg,Shoebridge,bshoebridge5y@sfgate.com,Male,240.121.199.6
216,Clayson,Bestwick,cbestwick5z@smh.com.au,Male,87.19.120.33
217,Rhett,Errigo,rerrigo60@webmd.com,Non-binary,166.169.121.1
218,Alva,Lewendon,alewendon61@tinyurl.com,Agender,143.47.222.237
219,Sadie,Muris,smuris62@furl.net,Female,117.172.204.134
220,Car,Hastelow,chastelow63@ezinearticles.com,Male,237.129.98.0
221,Trueman,Berkery,tberkery64@amazon.co.jp,Male,220.199.9.102
222,Kevin,Lindenstrauss,klindenstrauss65@cnn.com,Genderfluid,104.114.98.136
223,Georgia,Alloisi,galloisi66@hubpages.com,Female,34.25.178.35
224,Vinita,Lightbourne,vlightbourne67@simplemachines.org,Female,186.47.101.123
225,Neal,Dodell,ndodell68@cargocollective.com,Male,168.64.166.81
226,Gerri,Gosforth,ggosforth69@plala.or.jp,Male,66.0.200.144
227,Keven,Thoma,kthoma6a@feedburner.com,Male,38.22.215.9
228,Philomena,Larne,plarne6b@upenn.edu,Female,75.66.201.1
229,Zora,Branno,zbranno6c@zdnet.com,Female,19.110.111.224
230,Jolyn,Kohler,jkohler6d@facebook.com,Female,54.55.93.101
231,Morganica,Crackett,mcrackett6e@bloglines.com,Female,143.6.221.156
232,Jasper,Cleal,jcleal6f@youtu.be,Male,143.46.251.46
233,Jessika,Gaywood,jgaywood6g@php.net,Female,231.241.70.85
234,Chickie,Cowap,ccowap6h@scientificamerican.com,Male,195.213.18.138
235,Rafferty,Donovan,rdonovan6i@narod.ru,Male,224.67.8.81
236,Sophie,Alben,salben6j@a8.net,Female,164.98.15.36
237,Asher,Ponting,aponting6k@issuu.com,Male,190.8.41.15
238,Marlo,MacFarlane,mmacfarlane6l@issuu.com,Male,187.59.159.173
239,Mervin,Dearlove,mdearlove6m@people.com.cn,Male,195.37.235.15
240,Scot,Shrubb,sshrubb6n@google.pl,Male,106.187.110.15
241,Marci,Steeples,msteeples6o@cnet.com,Female,81.33.7.136
242,Trueman,Joyce,tjoyce6p@merriam-webster.com,Male,50.233.249.134
243,Freemon,Cristoforo,fcristoforo6q@123-reg.co.uk,Male,167.98.224.41
244,Hedi,Mesnard,hmesnard6r@vimeo.com,Female,154.153.95.92
245,Maurizio,Fawloe,mfawloe6s@mediafire.com,Male,253.180.131.236
246,Maurise,Pearson,mpearson6t@discovery.com,Agender,115.243.133.2
247,Verina,Ledner,vledner6u@about.com,Female,192.153.49.106
248,Michaella,Lyosik,mlyosik6v@columbia.edu,Female,80.99.206.164
249,Paul,Biaggi,pbiaggi6w@bloglovin.com,Male,248.240.248.169
250,Mathilda,McMillan,mmcmillan6x@google.nl,Female,139.118.151.182
251,Olag,McVeagh,omcveagh6y@ucoz.ru,Male,161.99.30.108
252,Albertine,McIlharga,amcilharga6z@domainmarket.com,Female,227.247.139.190
253,Alden,De Domenicis,adedomenicis70@ucla.edu,Male,171.96.227.202
254,Janine,Ortes,jortes71@blog.com,Female,40.139.68.59
255,Dalton,Joskowitz,djoskowitz72@nbcnews.com,Male,18.177.178.68
256,Ozzie,Linley,olinley73@twitpic.com,Male,250.46.131.211
257,Jewelle,Scini,jscini74@wunderground.com,Female,8.113.13.98
258,Abner,MacNeill,amacneill75@businessweek.com,Genderfluid,114.21.174.29
259,Valentijn,Arstingall,varstingall76@hexun.com,Male,180.101.66.50
260,Bonnee,Dakhov,bdakhov77@cocolog-nifty.com,Polygender,26.98.111.125
261,Carling,Pates,cpates78@imgur.com,Male,169.119.116.173
262,Duky,Drakeford,ddrakeford79@myspace.com,Male,124.225.104.144
263,Keith,Pressland,kpressland7a@dell.com,Male,74.115.44.170
264,Carita,Eccersley,ceccersley7b@who.int,Female,136.174.89.43
265,Abagael,Whimpenny,awhimpenny7c@earthlink.net,Bigender,218.157.124.110
266,Waite,Hamblin,whamblin7d@stanford.edu,Male,253.99.124.214
267,Vern,Sisey,vsisey7e@canalblog.com,Male,75.137.98.84
268,Murielle,Grutchfield,mgrutchfield7f@topsy.com,Female,132.53.36.51
269,Joell,Duligall,jduligall7g@reddit.com,Female,245.246.30.229
270,Doralyn,Redding,dredding7h@about.me,Female,188.15.46.21
271,Waylin,Housego,whousego7i@cloudflare.com,Male,162.82.16.13
272,Rycca,Wiggans,rwiggans7j@booking.com,Female,204.82.252.165
273,Jennifer,Vlasyev,jvlasyev7k@newsvine.com,Bigender,202.60.148.13
274,Cammy,Milson,cmilson7l@huffingtonpost.com,Female,159.118.144.222
275,Curt,Ringer,cringer7m@scientificamerican.com,Male,16.97.195.250
276,Udale,Monckman,umonckman7n@foxnews.com,Male,201.241.216.2
277,Laurene,Gallandre,lgallandre7o@ihg.com,Female,250.103.9.165
278,Dag,Calam,dcalam7p@ucoz.com,Male,30.250.230.196
279,Faber,MacSharry,fmacsharry7q@mit.edu,Non-binary,228.93.32.44
280,Adair,Langham,alangham7r@yandex.ru,Male,217.150.139.45
281,Fabe,Broinlich,fbroinlich7s@chronoengine.com,Agender,150.92.105.30
282,Giselle,Wenzel,gwenzel7t@people.com.cn,Female,50.21.236.119
283,Merrill,Eckery,meckery7u@hp.com,Male,83.157.98.170
284,Bing,Meineck,bmeineck7v@telegraph.co.uk,Male,255.12.163.14
285,Bartram,Salzburg,bsalzburg7w@smh.com.au,Male,249.254.169.158
286,Felisha,Cullinane,fcullinane7x@networkadvertising.org,Female,231.148.6.28
287,Geraldine,Niece,gniece7y@etsy.com,Female,181.79.220.250
288,Binni,Penvarden,bpenvarden7z@meetup.com,Female,243.17.89.226
289,Alden,Jerromes,ajerromes80@phpbb.com,Male,61.138.179.234
290,Billi,Bamford,bbamford81@disqus.com,Female,59.134.89.120
291,Matthaeus,Coysh,mcoysh82@wix.com,Male,218.149.85.36
292,Jennine,Foxwell,jfoxwell83@wiley.com,Female,185.133.215.15
293,Niles,Rich,nrich84@shutterfly.com,Male,224.77.212.226
294,Ambros,Thornham,athornham85@telegraph.co.uk,Genderqueer,156.36.53.254
295,Lishe,Faucett,lfaucett86@narod.ru,Female,92.211.211.193
296,Town,MacElharge,tmacelharge87@disqus.com,Male,125.163.131.13
297,Ethelind,Redhills,eredhills88@sphinn.com,Female,43.242.107.193
298,Ertha,Favey,efavey89@wsj.com,Female,103.49.185.236
299,Yovonnda,Valenta,yvalenta8a@prweb.com,Female,84.208.233.200
300,Barris,Ropert,bropert8b@netlog.com,Male,229.26.89.82
301,Nolly,Cline,ncline8c@plala.or.jp,Male,105.254.241.105
302,Irma,Bernath,ibernath8d@techcrunch.com,Female,39.27.1.132
303,Martie,Mitchenson,mmitchenson8e@wordpress.com,Male,140.197.129.82
304,Reece,Huxton,rhuxton8f@ibm.com,Male,4.129.19.52
305,Cesare,Tolotti,ctolotti8g@businessinsider.com,Male,185.199.125.81
306,Nev,Beedham,nbeedham8h@house.gov,Non-binary,67.33.218.170
307,Karolina,Longthorn,klongthorn8i@g.co,Female,181.39.195.101
308,Remy,McGeachey,rmcgeachey8j@hatena.ne.jp,Female,152.114.106.161
309,Gayla,Houseman,ghouseman8k@comcast.net,Female,242.131.103.169
310,Alasteir,Casellas,acasellas8l@is.gd,Male,41.124.81.81
311,Ninette,Meriet,nmeriet8m@typepad.com,Female,111.1.19.36
312,Dalt,Shillom,dshillom8n@ft.com,Male,82.86.19.108
313,Stephannie,Jackling,sjackling8o@4shared.com,Bigender,123.183.190.220
314,Ebony,Bettinson,ebettinson8p@seesaa.net,Female,152.184.72.60
315,Brnaby,Kurt,bkurt8q@nhs.uk,Male,8.44.122.7
316,Hersch,Emmatt,hemmatt8r@cdbaby.com,Polygender,154.16.210.242
317,Janos,Prover,jprover8s@dion.ne.jp,Agender,142.37.244.212
318,Candi,Gadesby,cgadesby8t@businessinsider.com,Female,10.175.150.215
319,Pooh,Moston,pmoston8u@clickbank.net,Female,232.198.131.211
320,Dorie,Tuffell,dtuffell8v@twitpic.com,Genderfluid,216.195.241.11
321,Danila,Rosser,drosser8w@sun.com,Female,194.101.146.151
322,Chilton,Shouler,cshouler8x@cpanel.net,Male,143.217.210.178
323,Rafe,Dooher,rdooher8y@technorati.com,Male,112.19.34.90
324,Jock,Hagergham,jhagergham8z@nbcnews.com,Male,242.96.162.166
325,Clark,McCoveney,cmccoveney90@bloglovin.com,Male,142.3.58.103
326,Carmen,Conyard,cconyard91@godaddy.com,Female,200.57.185.207
327,Sharia,Jurzyk,sjurzyk92@hp.com,Female,11.228.97.49
328,Joana,Allabush,jallabush93@reference.com,Female,201.80.147.159
329,Mendy,Christophe,mchristophe94@pen.io,Non-binary,104.55.91.198
330,Marlo,Piotrkowski,mpiotrkowski95@wix.com,Female,172.180.127.142
331,Lennie,Skinley,lskinley96@google.ca,Male,192.66.213.243
332,Dalenna,Simo,dsimo97@wiley.com,Female,139.89.97.237
333,Ameline,Smullen,asmullen98@artisteer.com,Female,216.212.174.42
334,Alvera,Wrassell,awrassell99@yellowpages.com,Female,232.2.179.194
335,Delmor,Archibold,darchibold9a@1und1.de,Male,9.130.150.51
336,Carol,Baiss,cbaiss9b@fastcompany.com,Female,132.31.250.7
337,Marguerite,Brackenridge,mbrackenridge9c@shareasale.com,Female,25.254.218.73
338,Bobbye,Hornig,bhornig9d@toplist.cz,Female,46.106.64.2
339,Stephenie,Muckeen,smuckeen9e@blogs.com,Female,145.63.40.88
340,Allyson,Drinkeld,adrinkeld9f@smugmug.com,Female,192.95.17.1
341,Vivianne,Yurocjkin,vyurocjkin9g@economist.com,Female,157.79.35.184
342,Urbano,Joire,ujoire9h@diigo.com,Male,153.150.12.192
343,Roarke,Cooksey,rcooksey9i@rakuten.co.jp,Male,130.45.92.209
344,Margareta,Denyer,mdenyer9j@mtv.com,Female,141.173.210.3
345,Cale,McClelland,cmcclelland9k@jigsy.com,Male,246.18.104.90
346,Lewiss,Harriday,lharriday9l@earthlink.net,Male,50.163.219.60
347,Annie,Mangion,amangion9m@earthlink.net,Female,70.25.160.190
348,Sarette,Clew,sclew9n@businesswire.com,Female,163.100.155.213
349,Letizia,Creebo,lcreebo9o@google.com.au,Female,125.191.119.240
350,Jesselyn,Lynde,jlynde9p@ed.gov,Female,69.179.82.25
351,Emlynn,Flasby,eflasby9q@example.com,Female,85.144.174.252
352,Blanch,Yates,byates9r@earthlink.net,Female,209.95.53.210
353,Paula,Swanger,pswanger9s@sfgate.com,Female,32.225.164.43
354,Burlie,Wigfield,bwigfield9t@sciencedaily.com,Male,106.232.39.87
355,Jarrod,Skirvane,jskirvane9u@un.org,Male,230.138.49.157
356,Erhard,Jordanson,ejordanson9v@ted.com,Male,11.17.133.218
357,Fielding,Cokely,fcokely9w@webnode.com,Male,86.175.47.35
358,Garald,Aubrun,gaubrun9x@apache.org,Male,219.193.121.33
359,Amargo,Aisbett,aaisbett9y@salon.com,Female,108.52.101.44
360,Ker,Blethyn,kblethyn9z@instagram.com,Male,181.33.25.156
361,Eleonora,Perutto,eperuttoa0@patch.com,Female,34.10.80.92
362,Ilyse,Hudel,ihudela1@ocn.ne.jp,Female,203.142.142.203
363,Nanci,Bastard,nbastarda2@washingtonpost.com,Female,225.11.38.138
364,Ethyl,Hordle,ehordlea3@msn.com,Female,135.16.75.102
365,Una,Garry,ugarrya4@sina.com.cn,Female,212.118.237.53
366,Timoteo,Scargill,tscargilla5@odnoklassniki.ru,Male,108.76.115.45
367,Mortie,Rustadge,mrustadgea6@ask.com,Male,181.45.247.197
368,Salomone,Veelers,sveelersa7@skyrock.com,Male,136.247.254.126
369,Lanni,de Quincey,ldequinceya8@globo.com,Female,68.47.254.154
370,Ellery,Roumier,eroumiera9@bloomberg.com,Male,45.182.135.100
371,Heath,De la Eglise,hdelaegliseaa@moonfruit.com,Female,36.193.182.1
372,Willi,Caughey,wcaugheyab@ezinearticles.com,Male,168.249.175.5
373,Hallie,Satyford,hsatyfordac@wisc.edu,Female,180.142.237.67
374,Franz,Abrahamoff,fabrahamoffad@time.com,Male,17.120.88.225
375,Sherline,Heaffey,sheaffeyae@sitemeter.com,Non-binary,196.4.221.136
376,Ash,Goodreid,agoodreidaf@desdev.cn,Male,146.252.116.105
377,Ronny,Gribbell,rgribbellag@huffingtonpost.com,Female,99.206.26.132
378,Bobby,Terbrugge,bterbruggeah@loc.gov,Male,114.161.158.216
379,Calv,McKellen,cmckellenai@aboutads.info,Male,72.196.84.45
380,Gabby,Fattorini,gfattoriniaj@fda.gov,Male,57.245.52.152
381,Myrna,Gynne,mgynneak@foxnews.com,Female,205.253.1.47
382,Malvin,Vogl,mvoglal@theglobeandmail.com,Male,56.142.162.254
383,Patin,O'Tierney,potierneyam@mtv.com,Male,246.14.136.110
384,Stan,Petran,spetranan@miibeian.gov.cn,Male,107.102.112.42
385,Cecilio,Buchett,cbuchettao@mtv.com,Male,63.199.15.42
386,Nerty,Layhe,nlayheap@tmall.com,Female,161.169.148.117
387,Kai,Mingasson,kmingassonaq@huffingtonpost.com,Female,14.211.44.71
388,Byram,Lounds,bloundsar@wikimedia.org,Male,110.147.108.168
389,Evanne,Carmo,ecarmoas@themeforest.net,Female,125.113.247.236
390,Evanne,Keld,ekeldat@hubpages.com,Female,97.124.212.141
391,Harmon,Balkwill,hbalkwillau@histats.com,Male,83.160.239.10
392,Idette,Drillingcourt,idrillingcourtav@e-recht24.de,Agender,98.62.90.73
393,Emmie,Gritsaev,egritsaevaw@tmall.com,Female,161.209.232.139
394,Ricki,Dyster,rdysterax@exblog.jp,Male,242.47.78.27
395,Demetris,Samworth,dsamworthay@gov.uk,Male,104.51.160.173
396,Dolli,McAlister,dmcalisteraz@businessweek.com,Female,164.19.214.224
397,Genevieve,Shuttell,gshuttellb0@wikia.com,Agender,254.19.144.101
398,Yolane,Fowlston,yfowlstonb1@posterous.com,Female,7.42.140.39
399,Grantley,Grissett,ggrissettb2@spotify.com,Male,250.164.94.137
400,Timmie,Goodspeed,tgoodspeedb3@sciencedirect.com,Male,79.67.224.147
401,Deb,Vasilchenko,dvasilchenkob4@accuweather.com,Genderfluid,131.197.163.230
402,Heddi,Rewcastle,hrewcastleb5@creativecommons.org,Female,221.168.39.117
403,Esmaria,Mowle,emowleb6@bloglovin.com,Female,173.168.153.35
404,Westbrooke,Larkby,wlarkbyb7@angelfire.com,Male,45.157.43.153
405,Rich,Purry,rpurryb8@washingtonpost.com,Male,254.174.126.75
406,Marty,Mustoe,mmustoeb9@google.fr,Genderqueer,52.108.27.232
407,Brnaby,Jandera,bjanderaba@php.net,Male,5.27.96.90
408,Amanda,Cressor,acressorbb@acquirethisname.com,Female,187.162.130.52
409,Janetta,McAlindon,jmcalindonbc@wordpress.org,Female,29.116.146.176
410,Buiron,Yurkevich,byurkevichbd@cbc.ca,Male,122.104.116.36
411,Bonni,Sommersett,bsommersettbe@google.es,Female,36.207.252.214
412,Greg,Buckwell,gbuckwellbf@weather.com,Male,243.209.249.132
413,Phebe,Rammell,prammellbg@google.ca,Female,118.108.122.125
414,Louella,Slowey,lsloweybh@craigslist.org,Female,120.34.28.71
415,Alicea,Palffrey,apalffreybi@wikispaces.com,Female,34.53.100.175
416,Sherwin,Foltin,sfoltinbj@tripadvisor.com,Male,183.55.57.66
417,Irene,Ewebank,iewebankbk@usa.gov,Female,178.255.168.62
418,Petronia,Roke,prokebl@exblog.jp,Female,87.155.98.100
419,Lev,Kobel,lkobelbm@godaddy.com,Male,232.15.46.70
420,Kipp,Dohr,kdohrbn@forbes.com,Male,53.83.157.45
421,Dixie,Duguid,dduguidbo@mediafire.com,Female,236.1.6.189
422,Mandy,Giraudat,mgiraudatbp@cnn.com,Agender,15.114.27.151
423,Prentice,Millimoe,pmillimoebq@ted.com,Male,109.157.166.252
424,Sheppard,Mains,smainsbr@upenn.edu,Male,177.162.62.3
425,Gabrila,Boffey,gboffeybs@delicious.com,Female,29.154.96.1
426,Gardner,Branton,gbrantonbt@cbc.ca,Male,6.210.23.53
427,Iain,Hooke,ihookebu@tuttocitta.it,Male,147.137.117.227
428,Minor,Northin,mnorthinbv@istockphoto.com,Male,186.114.137.217
429,Mal,Welbelove,mwelbelovebw@oracle.com,Agender,155.186.233.26
430,Darsey,Gilfoyle,dgilfoylebx@google.com.au,Female,47.28.92.51
431,Katalin,Verden,kverdenby@t-online.de,Female,137.208.223.62
432,Jessie,Benesevich,jbenesevichbz@businesswire.com,Male,103.253.225.86
433,Keene,Boodle,kboodlec0@adobe.com,Male,77.15.86.173
434,Packston,Sage,psagec1@usda.gov,Male,26.173.187.2
435,Rutger,St. Pierre,rstpierrec2@cloudflare.com,Male,37.120.37.160
436,Jillayne,Barnsdall,jbarnsdallc3@sbwire.com,Bigender,69.133.162.249
437,Mischa,Ughelli,mughellic4@mit.edu,Male,96.167.76.102
438,Orella,Deighan,odeighanc5@earthlink.net,Female,91.37.206.8
439,Fitz,Shakesbye,fshakesbyec6@theguardian.com,Male,202.188.255.87
440,Allianora,Le Galle,alegallec7@weebly.com,Female,33.64.235.247
441,Genvieve,Halksworth,ghalksworthc8@slashdot.org,Female,122.60.176.169
442,Bren,Mobley,bmobleyc9@xrea.com,Genderqueer,146.182.164.217
443,Mortimer,Bound,mboundca@uol.com.br,Male,115.48.198.79
444,Thomasin,Speir,tspeircb@buzzfeed.com,Female,0.194.167.38
445,Mellisent,Dudderidge,mdudderidgecc@slideshare.net,Female,126.23.234.182
446,Gael,Newbatt,gnewbattcd@linkedin.com,Genderfluid,157.167.90.163
447,Hallie,Chestney,hchestneyce@bravesites.com,Female,29.142.222.115
448,Jessee,Nolan,jnolancf@go.com,Male,136.60.3.203
449,Elbertine,Spaldin,espaldincg@acquirethisname.com,Female,233.109.130.83
450,Shannon,Hughesdon,shughesdonch@list-manage.com,Female,167.217.28.171
451,Bastien,Dunbobbin,bdunbobbinci@statcounter.com,Male,213.82.92.198
452,Gus,Steade,gsteadecj@mapquest.com,Male,61.255.66.190
453,Mead,Enoksson,menokssonck@sciencedirect.com,Male,205.149.231.64
454,Bail,Millins,bmillinscl@yolasite.com,Male,53.5.222.88
455,Udall,Glassopp,uglassoppcm@huffingtonpost.com,Bigender,11.143.245.249
456,Penn,McCree,pmccreecn@state.gov,Male,68.147.86.247
457,Edita,Belch,ebelchco@wix.com,Female,157.148.219.14
458,Anabel,Izacenko,aizacenkocp@hexun.com,Genderfluid,36.195.247.190
459,Brittani,Tunnicliffe,btunnicliffecq@reuters.com,Female,85.128.153.178
460,Addy,Davydochkin,adavydochkincr@comcast.net,Male,53.159.91.82
461,Sadye,Fippe,sfippecs@bloglovin.com,Female,129.69.188.107
462,Zita,Sneesby,zsneesbyct@sogou.com,Female,195.168.222.122
463,Urbanus,Kuhl,ukuhlcu@businesswire.com,Male,97.250.114.34
464,Conchita,Tucsell,ctucsellcv@slate.com,Female,78.205.198.182
465,Bree,Saffe,bsaffecw@utexas.edu,Bigender,253.70.110.173
466,D'arcy,Hayen,dhayencx@cbsnews.com,Male,138.52.227.199
467,Grantham,Schubbert,gschubbertcy@goodreads.com,Male,245.128.138.234
468,Enriqueta,Scandrett,escandrettcz@alexa.com,Female,173.35.79.208
469,Arvin,Claesens,aclaesensd0@walmart.com,Male,213.157.92.175
470,Hilly,Bickerdyke,hbickerdyked1@disqus.com,Male,1.8.201.121
471,Saunder,Wastie,swastied2@alibaba.com,Male,9.15.38.222
472,Robbert,MacGowan,rmacgowand3@123-reg.co.uk,Male,253.157.25.204
473,Valli,Doble,vdobled4@msn.com,Genderfluid,160.214.141.203
474,Hunter,Maffin,hmaffind5@spotify.com,Male,183.145.103.46
475,Anna-diane,Kidby,akidbyd6@who.int,Female,55.210.231.49
476,Hanna,Jiggen,hjiggend7@php.net,Female,189.102.108.224
477,Dorie,Thing,dthingd8@reuters.com,Male,147.187.169.251
478,Tiffie,Werny,twernyd9@ucoz.ru,Female,88.46.37.170
479,Mollee,Housin,mhousinda@behance.net,Agender,120.91.188.70
480,Maurine,Crosland,mcroslanddb@paypal.com,Female,172.178.138.45
481,Kirstyn,Wheelwright,kwheelwrightdc@soundcloud.com,Female,240.113.1.99
482,Cele,Gianullo,cgianullodd@privacy.gov.au,Polygender,143.79.67.180
483,Nancee,Knutton,nknuttonde@jiathis.com,Female,118.237.241.39
484,Pearla,Harsent,pharsentdf@google.ru,Female,59.51.63.76
485,Donnell,Dines,ddinesdg@topsy.com,Male,170.51.234.26
486,Kathy,Rabidge,krabidgedh@jigsy.com,Female,153.230.58.180
487,Boycey,Jandel,bjandeldi@purevolume.com,Male,149.78.249.22
488,Norris,Poat,npoatdj@yolasite.com,Male,213.220.104.88
489,Jeanette,Potzold,jpotzolddk@sogou.com,Female,125.156.90.68
490,Del,Foltin,dfoltindl@desdev.cn,Male,175.168.82.229
491,Doro,Bradburn,dbradburndm@state.gov,Female,215.31.64.130
492,Merralee,Simanenko,msimanenkodn@i2i.jp,Female,218.192.127.241
493,Nev,Polfer,npolferdo@amazon.de,Genderfluid,37.197.223.198
494,Edgard,Maso,emasodp@arstechnica.com,Male,13.177.198.120
495,Idell,Sleicht,isleichtdq@time.com,Female,44.224.21.97
496,Rafaelia,Ordemann,rordemanndr@ucsd.edu,Genderfluid,138.201.162.27
497,Evie,Ancliffe,eancliffeds@de.vu,Female,123.45.255.140
498,Ryley,Rackley,rrackleydt@wufoo.com,Male,6.132.82.211
499,Clint,Message,cmessagedu@over-blog.com,Male,167.53.51.53
500,Johnette,Ratray,jratraydv@twitter.com,Genderqueer,223.103.174.48
501,Erasmus,Hurndall,ehurndalldw@dedecms.com,Male,137.245.212.239
502,Normand,Fairburn,nfairburndx@yellowbook.com,Male,236.55.105.123
503,Shannen,Lane,slanedy@blogger.com,Female,253.24.219.19
504,Wyatt,Pietasch,wpietaschdz@sitemeter.com,Male,9.105.100.220
505,Fredric,Reburn,freburne0@ifeng.com,Male,93.214.34.140
506,Vonny,Dinnington,vdinningtone1@ed.gov,Genderfluid,10.14.10.181
507,Kahlil,McGarrell,kmcgarrelle2@gravatar.com,Male,247.224.7.71
508,Billie,Fairhead,bfairheade3@hostgator.com,Female,179.248.42.187
509,Jameson,Vitet,jvitete4@wikia.com,Male,17.229.200.190
510,Raviv,Bengall,rbengalle5@dot.gov,Male,232.97.134.10
511,Janetta,Alaway,jalawaye6@google.com.br,Female,25.220.167.185
512,Ermentrude,Polo,epoloe7@comsenz.com,Bigender,124.112.179.99
513,Teodoor,Keeling,tkeelinge8@businessinsider.com,Male,103.171.50.33
514,Joann,Blaszczak,jblaszczake9@ocn.ne.jp,Female,161.136.147.108
515,Cathi,Adderson,caddersonea@npr.org,Female,31.52.147.211
516,Quincy,Schoular,qschoulareb@is.gd,Male,166.110.8.109
517,Coleman,Bruhke,cbruhkeec@about.me,Male,51.203.66.20
518,Jacques,Mickleburgh,jmickleburghed@nationalgeographic.com,Male,133.135.142.135
519,Gerhard,Bea,gbeaee@issuu.com,Male,95.251.8.41
520,Ofelia,Kobera,okoberaef@tumblr.com,Non-binary,146.13.174.185
521,Guglielmo,Rochester,grochestereg@delicious.com,Male,235.246.83.221
522,Duky,Wallege,dwallegeeh@va.gov,Male,39.8.63.187
523,Tomas,Pourvoieur,tpourvoieurei@kickstarter.com,Male,87.192.173.118
524,Maximilien,Pill,mpillej@ovh.net,Male,43.149.198.174
525,Yankee,Lucien,ylucienek@umn.edu,Male,73.161.221.173
526,Babbette,Drissell,bdrissellel@ameblo.jp,Female,213.135.93.42
527,Reina,Macellar,rmacellarem@vinaora.com,Female,199.173.96.94
528,Sean,Garmans,sgarmansen@who.int,Female,66.182.35.22
529,Kamillah,Itzkowicz,kitzkowiczeo@independent.co.uk,Polygender,120.104.178.38
530,Brandyn,Burne,bburneep@home.pl,Male,174.168.130.168
531,Tansy,Britzius,tbritziuseq@dyndns.org,Female,138.85.65.154
532,Waldo,McClune,wmccluneer@netvibes.com,Male,220.244.81.218
533,Trenna,Davana,tdavanaes@miitbeian.gov.cn,Female,175.180.196.137
534,Auberon,Skippings,askippingset@imdb.com,Male,176.82.75.10
535,Skippy,Orbell,sorbelleu@washington.edu,Male,133.161.41.46
536,Layla,Feasley,lfeasleyev@over-blog.com,Female,8.25.57.48
537,Gavrielle,Kinsella,gkinsellaew@un.org,Female,26.198.146.44
538,Adriane,Snasel,asnaselex@adobe.com,Agender,157.80.126.146
539,Duffy,Capel,dcapeley@cloudflare.com,Genderfluid,176.105.221.57
540,Ingrid,Natalie,inatalieez@engadget.com,Female,85.131.54.117
541,Kristin,Barendtsen,kbarendtsenf0@google.co.jp,Female,225.114.197.124
542,Korry,Bernhard,kbernhardf1@amazon.com,Female,60.75.127.134
543,Tonnie,Thorington,tthoringtonf2@gov.uk,Male,186.161.171.33
544,Celene,Wank,cwankf3@europa.eu,Female,234.123.50.98
545,Julieta,Turnell,jturnellf4@thetimes.co.uk,Female,153.233.235.211
546,Davey,McCray,dmccrayf5@utexas.edu,Male,100.207.102.204
547,Clarke,Davenhall,cdavenhallf6@lycos.com,Male,139.151.92.203
548,Elsi,Murrigans,emurrigansf7@netlog.com,Bigender,159.161.144.139
549,Valentin,Eddisforth,veddisforthf8@geocities.jp,Male,242.245.103.254
550,Anna-diana,Mossop,amossopf9@nps.gov,Female,218.203.38.245
551,Amy,Handley,ahandleyfa@bandcamp.com,Female,0.13.135.34
552,Tarah,Sangwine,tsangwinefb@theglobeandmail.com,Female,240.67.185.202
553,Prudence,Scheffler,pschefflerfc@posterous.com,Female,172.122.80.237
554,Issiah,Blanning,iblanningfd@w3.org,Male,104.199.209.246
555,Zaccaria,Luna,zlunafe@wikispaces.com,Male,193.35.226.87
556,Dolorita,Dyne,ddyneff@posterous.com,Female,58.128.58.82
557,Margit,Pfertner,mpfertnerfg@ebay.co.uk,Female,88.209.201.126
558,Ruthy,Anan,rananfh@cornell.edu,Female,170.125.9.40
559,Martie,Whittuck,mwhittuckfi@scribd.com,Male,88.189.0.95
560,Irita,Feary,ifearyfj@seattletimes.com,Female,99.1.16.143
561,Carmon,Ericssen,cericssenfk@wiley.com,Female,238.33.86.148
562,Dorrie,Wesker,dweskerfl@redcross.org,Female,229.166.230.250
563,Greta,McManamon,gmcmanamonfm@wsj.com,Female,183.195.16.157
564,Carolee,Simonot,csimonotfn@networkadvertising.org,Female,139.104.133.248
565,Lina,Ovenell,lovenellfo@privacy.gov.au,Genderfluid,96.46.68.202
566,Ring,Gosden,rgosdenfp@accuweather.com,Male,143.4.171.19
567,Boycie,Colebrook,bcolebrookfq@jigsy.com,Male,33.183.107.108
568,Garik,Sempill,gsempillfr@mediafire.com,Bigender,254.195.138.249
569,Clemmy,Tappin,ctappinfs@shareasale.com,Female,126.54.91.161
570,Griffin,Giacomelli,ggiacomellift@nbcnews.com,Male,38.242.243.180
571,Xena,Filyukov,xfilyukovfu@discovery.com,Female,252.121.143.18
572,Amaleta,Deards,adeardsfv@deliciousdays.com,Female,77.254.4.48
573,Roddie,Lysons,rlysonsfw@state.gov,Male,71.90.4.37
574,Ransom,Le Fleming,rleflemingfx@marriott.com,Male,111.52.162.201
575,Jeremias,Chestle,jchestlefy@huffingtonpost.com,Male,20.32.17.193
576,Toiboid,Trangmar,ttrangmarfz@weibo.com,Male,155.188.130.18
577,Wynn,Odde,woddeg0@illinois.edu,Female,240.231.202.165
578,Torrence,Idenden,tidendeng1@xrea.com,Male,105.37.121.58
579,Bev,Rousel,brouselg2@dot.gov,Male,247.239.10.120
580,Claiborn,Glashby,cglashbyg3@constantcontact.com,Male,11.101.132.33
581,Isa,Moncaster,imoncasterg4@newyorker.com,Male,12.85.243.246
582,Happy,McKag,hmckagg5@army.mil,Female,211.242.248.166
583,Abbey,Savile,asavileg6@mysql.com,Polygender,229.17.9.109
584,Ezekiel,Goundsy,egoundsyg7@unc.edu,Male,95.11.94.16
585,Beverley,Waby,bwabyg8@hp.com,Female,84.60.114.112
586,Jessalyn,Sabie,jsabieg9@dailymail.co.uk,Female,15.204.147.19
587,Humfrey,Powlett,hpowlettga@wordpress.org,Male,24.47.56.240
588,Shem,Koch,skochgb@ebay.co.uk,Polygender,111.20.238.122
589,Hershel,Carpe,hcarpegc@opensource.org,Male,238.115.60.247
590,Wainwright,Boules,wboulesgd@ovh.net,Male,241.20.53.104
591,Salvidor,Borton,sbortonge@last.fm,Genderqueer,250.167.77.161
592,Clementia,Schiefersten,cschieferstengf@patch.com,Female,199.238.237.250
593,Aggie,Waterstone,awaterstonegg@clickbank.net,Female,120.197.174.202
594,Darla,Castellan,dcastellangh@sun.com,Female,149.255.243.65
595,Nevins,Gever,ngevergi@canalblog.com,Male,86.29.39.64
596,Nina,Vaughton,nvaughtongj@usgs.gov,Female,35.102.186.242
597,Cullen,Rylatt,crylattgk@census.gov,Male,61.119.109.14
598,Kin,Cadwaladr,kcadwaladrgl@rambler.ru,Male,15.105.213.88
599,Wallis,O'Shevlan,woshevlangm@github.com,Female,16.131.111.91
600,Neville,Juares,njuaresgn@google.nl,Male,167.143.121.20
601,Wandie,Venmore,wvenmorego@ucla.edu,Female,151.51.67.235
602,Bonni,Bastide,bbastidegp@mail.ru,Female,250.132.226.42
603,Joane,Habbershon,jhabbershongq@bizjournals.com,Female,88.51.127.111
604,Perla,Dradey,pdradeygr@marketwatch.com,Female,136.19.166.203
605,Ingram,Starrs,istarrsgs@alibaba.com,Male,208.196.212.81
606,Constance,Chew,cchewgt@ftc.gov,Female,72.174.13.64
607,Becki,Getten,bgettengu@goo.gl,Female,53.159.62.136
608,Roth,Baudone,rbaudonegv@usatoday.com,Polygender,179.147.32.58
609,Brannon,Bengoechea,bbengoecheagw@go.com,Male,163.39.11.241
610,Merrilee,Nacci,mnaccigx@networkadvertising.org,Bigender,55.252.148.160
611,Gibby,Bartolomeotti,gbartolomeottigy@intel.com,Male,208.153.129.68
612,Tadeo,Beden,tbedengz@wsj.com,Male,25.191.203.174
613,Raynor,Tinmouth,rtinmouthh0@nyu.edu,Male,122.140.22.157
614,Wyatt,Pharrow,wpharrowh1@elegantthemes.com,Male,148.90.37.210
615,Abeu,Durie,adurieh2@live.com,Male,87.213.134.3
616,Inigo,Kuscha,ikuschah3@furl.net,Male,212.116.162.114
617,Rafi,Kerfod,rkerfodh4@washington.edu,Male,255.206.146.73
618,Udall,Clipston,uclipstonh5@narod.ru,Male,64.236.206.44
619,Lincoln,Aldhouse,laldhouseh6@imgur.com,Male,64.58.71.209
620,Nicolai,Ridel,nridelh7@dagondesign.com,Male,215.104.205.44
621,Sara-ann,Thecham,sthechamh8@amazonaws.com,Genderfluid,92.199.171.159
622,Fletch,Gorsse,fgorsseh9@newyorker.com,Male,131.36.216.121
623,Pen,Shoebrook,pshoebrookha@desdev.cn,Male,194.87.223.65
624,Tildy,Buttriss,tbuttrisshb@amazon.co.uk,Female,207.165.255.8
625,Darbie,Beddin,dbeddinhc@howstuffworks.com,Female,47.247.49.36
626,Wittie,Elphinstone,welphinstonehd@tamu.edu,Genderqueer,203.146.97.156
627,Berry,Spadelli,bspadellihe@arizona.edu,Female,53.76.69.155
628,Millisent,Gloves,mgloveshf@pinterest.com,Female,108.153.97.203
629,Harald,Roj,hrojhg@godaddy.com,Male,169.238.159.39
630,Rani,Pym,rpymhh@netscape.com,Female,255.150.157.123
631,Rosamund,Pirt,rpirthi@google.nl,Non-binary,59.218.90.197
632,Pasquale,Linfitt,plinfitthj@ow.ly,Genderfluid,225.103.171.244
633,Drucy,Varnham,dvarnhamhk@hibu.com,Female,72.102.165.199
634,Mufi,Pietrasik,mpietrasikhl@army.mil,Female,220.234.71.250
635,Roanne,Caseborne,rcasebornehm@eepurl.com,Female,249.148.117.140
636,Mia,Magovern,mmagovernhn@nps.gov,Genderqueer,81.52.74.247
637,Vernor,Degoey,vdegoeyho@dropbox.com,Male,250.17.171.59
638,Maxi,Crilley,mcrilleyhp@meetup.com,Genderqueer,67.42.126.251
639,Orly,Fley,ofleyhq@narod.ru,Female,210.63.244.204
640,Jeanna,Ratke,jratkehr@abc.net.au,Female,146.174.42.204
641,Xylia,Markham,xmarkhamhs@imgur.com,Female,193.205.113.31
642,Lyssa,Landreth,llandrethht@zimbio.com,Female,207.225.107.174
643,Dorene,Vasyukhin,dvasyukhinhu@google.nl,Female,169.6.118.255
644,Kittie,Cunio,kcuniohv@csmonitor.com,Female,40.224.94.235
645,Benedicta,Goodanew,bgoodanewhw@umich.edu,Female,210.202.222.213
646,Lesli,Colaco,lcolacohx@dion.ne.jp,Female,58.143.93.142
647,Berton,Rozsa,brozsahy@stanford.edu,Male,161.250.88.125
648,Arley,Dunguy,adunguyhz@patch.com,Male,254.133.36.62
649,Mirabella,Dealy,mdealyi0@freewebs.com,Female,129.213.218.49
650,Shepperd,Bohan,sbohani1@mtv.com,Male,68.28.58.126
651,Eben,McClurg,emcclurgi2@shop-pro.jp,Male,5.233.206.194
652,Duncan,Hambrook,dhambrooki3@theatlantic.com,Male,214.11.41.219
653,Ezechiel,Fedorchenko,efedorchenkoi4@liveinternet.ru,Male,41.14.64.37
654,Reade,Dearl,rdearli5@businesswire.com,Male,254.252.218.164
655,Lyndsie,Morcomb,lmorcombi6@t.co,Female,133.243.132.190
656,Fairlie,Hyslop,fhyslopi7@nature.com,Non-binary,198.131.113.212
657,Mitch,Ashingden,mashingdeni8@elegantthemes.com,Male,220.125.228.75
658,Bernardo,Suett,bsuetti9@columbia.edu,Male,157.188.69.83
659,Elvyn,Prettyman,eprettymania@ameblo.jp,Bigender,94.53.150.155
660,Johnny,Mathelon,jmathelonib@godaddy.com,Male,110.78.83.19
661,Maximilianus,Domegan,mdomeganic@drupal.org,Male,242.158.165.199
662,Maryl,Lansley,mlansleyid@ovh.net,Female,160.48.169.96
663,Silas,Ahren,sahrenie@people.com.cn,Male,154.254.49.204
664,Irwin,McParland,imcparlandif@ezinearticles.com,Male,98.57.209.74
665,Rolf,Isoldi,risoldiig@senate.gov,Male,99.47.174.219
666,Afton,Potten,apottenih@ow.ly,Female,163.138.32.161
667,Datha,Whittingham,dwhittinghamii@sbwire.com,Female,2.135.91.202
668,John,Hurt,jhurtij@ebay.co.uk,Male,99.233.115.185
669,Vittoria,Schoenfisch,vschoenfischik@springer.com,Female,192.247.58.72
670,Katya,Jillitt,kjillittil@unc.edu,Female,6.48.65.186
671,Fulvia,Norfolk,fnorfolkim@ask.com,Female,209.134.40.34
672,Nady,Luckcuck,nluckcuckin@sbwire.com,Female,234.202.187.139
673,Lawrence,Ravilious,lraviliousio@weibo.com,Male,75.246.121.17
674,Dannie,Duval,dduvalip@homestead.com,Male,60.164.138.130
675,Chance,End,cendiq@cpanel.net,Male,209.24.118.11
676,Bobby,Cardenoza,bcardenozair@sfgate.com,Female,7.92.5.236
677,Randie,Moulsdall,rmoulsdallis@nhs.uk,Female,252.42.92.239
678,Sigismondo,Sivills,ssivillsit@comsenz.com,Male,167.199.249.60
679,Avery,Jolliss,ajollissiu@pbs.org,Male,193.24.170.94
680,Ruthanne,Burchell,rburchelliv@squarespace.com,Female,15.131.220.227
681,Carrie,Bartels,cbartelsiw@noaa.gov,Genderfluid,38.179.171.39
682,Earle,Joerning,ejoerningix@columbia.edu,Male,93.108.242.194
683,Sigismond,Skene,sskeneiy@simplemachines.org,Male,50.145.67.29
684,Emmett,Manon,emanoniz@craigslist.org,Male,106.232.124.66
685,Netty,Winear,nwinearj0@telegraph.co.uk,Female,9.170.123.175
686,Jdavie,Jedrych,jjedrychj1@guardian.co.uk,Male,103.40.231.22
687,Hillary,Rushton,hrushtonj2@barnesandnoble.com,Non-binary,88.244.75.59
688,Cassandre,O'Flynn,coflynnj3@dedecms.com,Female,247.215.172.227
689,Deanne,Cheak,dcheakj4@meetup.com,Female,173.132.228.70
690,Sianna,Shovel,sshovelj5@baidu.com,Female,63.50.207.46
691,Maryanna,Noyce,mnoycej6@youku.com,Female,254.107.133.31
692,Phebe,Zannuto,pzannutoj7@howstuffworks.com,Female,91.98.17.156
693,Miguela,Summerbell,msummerbellj8@hibu.com,Female,225.254.47.78
694,Errick,Snoxill,esnoxillj9@smh.com.au,Male,57.242.114.138
695,Percy,Rimington,primingtonja@disqus.com,Male,191.1.197.52
696,Trenna,Spandley,tspandleyjb@naver.com,Female,143.150.12.159
697,Brana,Gunn,bgunnjc@youtube.com,Female,168.121.229.161
698,Grier,Gossage,ggossagejd@about.com,Female,221.213.235.232
699,Zsazsa,Worral,zworralje@answers.com,Female,30.251.210.184
700,Kylynn,Longfellow,klongfellowjf@shareasale.com,Female,142.40.164.212
701,Kial,Maybey,kmaybeyjg@slideshare.net,Female,213.109.162.117
702,Claudia,Brakewell,cbrakewelljh@ft.com,Female,127.60.68.115
703,Vally,Pendlebury,vpendleburyji@oakley.com,Female,198.11.141.61
704,Hertha,Rosenauer,hrosenauerjj@smh.com.au,Female,240.150.79.61
705,Guglielma,Shannon,gshannonjk@biglobe.ne.jp,Female,55.155.56.147
706,Willis,Slemmonds,wslemmondsjl@alexa.com,Non-binary,182.191.73.168
707,Timmie,Mc Andrew,tmcandrewjm@wikipedia.org,Female,166.156.77.134
708,Ambur,Mesias,amesiasjn@altervista.org,Genderqueer,166.68.12.182
709,Kaitlyn,Archell,karchelljo@photobucket.com,Female,150.132.29.109
710,Raine,Prosh,rproshjp@imageshack.us,Female,238.44.31.232
711,Rudd,Robart,rrobartjq@xinhuanet.com,Male,163.127.2.7
712,Albertina,Voff,avoffjr@nydailynews.com,Female,195.57.125.180
713,Jobyna,Siley,jsileyjs@dedecms.com,Genderqueer,249.34.235.119
714,Ali,Mannooch,amannoochjt@lycos.com,Male,59.202.172.151
715,Hedy,Brauner,hbraunerju@springer.com,Female,102.243.200.100
716,Twyla,Batchan,tbatchanjv@xing.com,Female,59.247.7.101
717,Geri,Hamelyn,ghamelynjw@accuweather.com,Female,254.211.212.102
718,Hulda,Webbe,hwebbejx@netvibes.com,Female,68.37.108.97
719,Gertruda,Inns,ginnsjy@drupal.org,Female,5.226.218.217
720,Gusella,Benyon,gbenyonjz@ebay.com,Female,28.69.132.54
721,Coral,Tacker,ctackerk0@plala.or.jp,Female,36.187.4.95
722,Hugo,Gerault,hgeraultk1@list-manage.com,Male,180.143.222.201
723,Rickard,Fulbrook,rfulbrookk2@youku.com,Male,81.178.251.1
724,Theodore,Sayce,tsaycek3@amazonaws.com,Genderfluid,137.177.196.133
725,Horatia,Maevela,hmaevelak4@si.edu,Female,192.70.56.53
726,Amara,Bassett,abassettk5@printfriendly.com,Female,46.46.41.202
727,Kirbee,Bowyer,kbowyerk6@homestead.com,Female,108.56.103.56
728,Hollie,Backes,hbackesk7@cbslocal.com,Female,10.86.205.168
729,Sharona,Fearick,sfearickk8@redcross.org,Genderqueer,105.194.241.80
730,Quentin,Schutte,qschuttek9@nymag.com,Female,86.29.138.24
731,Thacher,Crawforth,tcrawforthka@cnbc.com,Male,203.191.250.157
732,Earle,Grunguer,egrunguerkb@homestead.com,Male,54.238.196.121
733,Cathryn,Roswarn,croswarnkc@msu.edu,Female,217.131.45.59
734,Matias,Glaister,mglaisterkd@tripod.com,Male,163.143.21.160
735,Niles,Belly,nbellyke@alibaba.com,Male,55.118.211.60
736,Filmore,Smorthit,fsmorthitkf@over-blog.com,Male,230.13.44.146
737,Bliss,Coslitt,bcoslittkg@edublogs.org,Female,96.127.58.43
738,Danie,Reast,dreastkh@bloglines.com,Male,56.140.106.10
739,Kip,Borkett,kborkettki@apache.org,Male,112.252.179.71
740,Hasheem,Vickery,hvickerykj@mtv.com,Male,109.67.36.71
741,Royce,Dabrowski,rdabrowskikk@yandex.ru,Male,148.237.215.38
742,Bernhard,Tejero,btejerokl@rakuten.co.jp,Male,112.8.10.58
743,Ameline,Bazylets,abazyletskm@adobe.com,Female,241.68.28.165
744,Tyrus,Guye,tguyekn@mysql.com,Male,210.166.108.41
745,Maible,Darrigrand,mdarrigrandko@xinhuanet.com,Female,145.230.128.163
746,Joline,Simeons,jsimeonskp@issuu.com,Female,151.21.164.222
747,Bethany,Dongall,bdongallkq@fc2.com,Agender,148.151.69.49
748,Curt,Pantin,cpantinkr@sbwire.com,Male,32.149.170.139
749,Will,Checci,wchecciks@ycombinator.com,Male,28.105.88.155
750,Demetris,Dovington,ddovingtonkt@taobao.com,Male,101.21.214.220
751,Cyndi,Huby,chubyku@multiply.com,Female,44.149.245.31
752,Clarence,Alcoran,calcorankv@oaic.gov.au,Genderfluid,214.92.19.62
753,Bern,McGuff,bmcguffkw@upenn.edu,Male,198.212.77.5
754,Cicely,Mullarkey,cmullarkeykx@bloglines.com,Female,93.252.161.93
755,Lea,Cristofari,lcristofariky@chron.com,Female,209.35.128.252
756,Claudette,Itzkovici,citzkovicikz@eventbrite.com,Female,7.127.0.161
757,Mitchael,Issatt,missattl0@walmart.com,Male,61.70.156.54
758,Sabra,Touson,stousonl1@google.com,Female,126.126.141.21
759,Ellery,Edmondson,eedmondsonl2@themeforest.net,Male,201.152.90.123
760,Jonas,Gioan,jgioanl3@alexa.com,Male,213.126.2.235
761,Calv,Omond,comondl4@g.co,Male,75.95.254.243
762,Daveta,Paulillo,dpaulillol5@europa.eu,Agender,164.145.194.54
763,Cece,Brandenberg,cbrandenbergl6@exblog.jp,Male,83.73.111.61
764,Korry,Weinmann,kweinmannl7@marketwatch.com,Female,38.174.70.50
765,Dall,Tackes,dtackesl8@ustream.tv,Male,199.129.225.103
766,Papagena,Cockarill,pcockarilll9@hp.com,Female,174.102.206.229
767,Diann,Hearnshaw,dhearnshawla@ow.ly,Female,243.118.248.72
768,Cairistiona,Damiata,cdamiatalb@ask.com,Female,32.73.143.13
769,Fonsie,Danford,fdanfordlc@ucla.edu,Agender,147.211.48.22
770,Carree,Freddi,cfreddild@so-net.ne.jp,Female,20.218.223.95
771,Nesta,Wadeson,nwadesonle@ted.com,Female,127.217.83.145
772,Bay,Paute,bpautelf@businessinsider.com,Male,141.34.200.240
773,Trish,Arstingall,tarstingalllg@state.gov,Female,173.170.62.134
774,Aloin,Szymanski,aszymanskilh@about.com,Male,27.139.76.59
775,Marlowe,Horder,mhorderli@sogou.com,Male,142.4.116.195
776,Les,De la Feld,ldelafeldlj@huffingtonpost.com,Male,32.212.149.98
777,Gale,Bodycote,gbodycotelk@technorati.com,Female,93.66.164.218
778,Carlye,Linstead,clinsteadll@aol.com,Female,207.79.79.55
779,Emiline,Blasiak,eblasiaklm@ted.com,Female,85.102.58.60
780,Ruperta,Wohler,rwohlerln@oracle.com,Female,205.49.80.119
781,Brunhilde,Devita,bdevitalo@senate.gov,Female,252.85.153.84
782,Trip,Guillem,tguillemlp@istockphoto.com,Male,21.68.139.184
783,Minna,Tennick,mtennicklq@mit.edu,Female,204.224.51.252
784,Samuele,Billany,sbillanylr@so-net.ne.jp,Male,186.97.70.218
785,Brittaney,Fisby,bfisbyls@google.de,Female,92.167.236.238
786,Alia,Gibbetts,agibbettslt@google.ca,Genderqueer,133.211.54.17
787,Cornela,Gianinotti,cgianinottilu@amazon.com,Female,85.2.250.235
788,Lannie,Attrie,lattrielv@nifty.com,Male,151.93.155.54
789,Abe,Munsey,amunseylw@twitter.com,Male,56.89.107.29
790,Moritz,Tyght,mtyghtlx@pen.io,Male,253.188.61.132
791,Joseito,Alenikov,jalenikovly@washington.edu,Male,135.26.105.135
792,Olympia,Hounson,ohounsonlz@pen.io,Female,42.191.230.141
793,Dante,Hurling,dhurlingm0@wikipedia.org,Male,82.245.94.93
794,Darnall,Warham,dwarhamm1@arstechnica.com,Male,20.215.39.195
795,Sela,Tomson,stomsonm2@geocities.jp,Female,71.95.5.127
796,Jeremias,Zukierman,jzukiermanm3@newyorker.com,Male,141.237.242.169
797,Honey,Govenlock,hgovenlockm4@tmall.com,Female,169.21.197.40
798,Aldo,Pinches,apinchesm5@i2i.jp,Male,20.102.50.97
799,Rosaleen,Mansel,rmanselm6@pagesperso-orange.fr,Female,73.20.246.49
800,Rosita,Pittam,rpittamm7@army.mil,Female,57.25.152.200
801,Piotr,Coffey,pcoffeym8@issuu.com,Male,75.72.206.45
802,Gal,Wittke,gwittkem9@nhs.uk,Male,153.168.165.177
803,Eleni,Domico,edomicoma@istockphoto.com,Female,133.211.189.110
804,Stormy,Benyon,sbenyonmb@vkontakte.ru,Female,31.58.16.81
805,Harald,Arnely,harnelymc@51.la,Male,223.24.237.173
806,Toinette,Kegan,tkeganmd@deliciousdays.com,Female,100.220.197.187
807,Meryl,Cristol,mcristolme@miibeian.gov.cn,Male,245.157.198.252
808,Klarrisa,Kuban,kkubanmf@meetup.com,Female,1.207.113.5
809,Andeee,Eslinger,aeslingermg@ezinearticles.com,Female,5.213.48.196
810,Charmain,Mitrovic,cmitrovicmh@ted.com,Female,235.157.177.55
811,Godfrey,Nickoll,gnickollmi@facebook.com,Male,108.43.139.68
812,Fanya,Baddam,fbaddammj@omniture.com,Female,145.53.113.120
813,Leeland,Dimic,ldimicmk@devhub.com,Male,182.99.81.242
814,Isobel,Cato,icatoml@slideshare.net,Female,22.37.66.155
815,Maximilien,Signe,msignemm@networksolutions.com,Male,9.120.118.6
816,Kessia,Slorach,kslorachmn@blogspot.com,Female,255.80.192.3
817,Grissel,MacCoughen,gmaccoughenmo@flickr.com,Female,159.70.155.15
818,Lyon,Treadaway,ltreadawaymp@deviantart.com,Male,173.146.169.243
819,Geri,Marcam,gmarcammq@lulu.com,Male,2.6.219.86
820,Cassaundra,Cropp,ccroppmr@twitter.com,Female,125.168.57.218
821,Ebeneser,Berrisford,eberrisfordms@go.com,Male,137.82.172.96
822,Karalynn,Kahler,kkahlermt@dedecms.com,Bigender,57.170.44.44
823,Robbin,Philps,rphilpsmu@squarespace.com,Female,201.83.233.228
824,Dalli,Mallows,dmallowsmv@free.fr,Male,103.180.136.54
825,Tisha,Staniford,tstanifordmw@nymag.com,Female,6.49.3.23
826,Arther,Blenkharn,ablenkharnmx@buzzfeed.com,Male,85.104.47.130
827,Urbano,McLoney,umcloneymy@ameblo.jp,Male,34.21.51.43
828,Lisette,Glassup,lglassupmz@ox.ac.uk,Female,193.164.246.131
829,Reyna,Jeandot,rjeandotn0@blog.com,Female,12.175.111.245
830,Hercules,Odde,hodden1@cmu.edu,Male,135.144.233.56
831,Leif,Hanscome,lhanscomen2@opensource.org,Male,166.238.203.6
832,Galina,Massimo,gmassimon3@google.it,Female,34.181.216.166
833,Northrup,Leall,nlealln4@cpanel.net,Male,142.157.125.237
834,Irma,Luce,ilucen5@mapquest.com,Female,89.238.47.59
835,Irvine,Lanning,ilanningn6@tamu.edu,Male,65.63.27.146
836,Cissy,Kiehnlt,ckiehnltn7@vistaprint.com,Female,111.4.41.19
837,Randal,Grinin,rgrininn8@ameblo.jp,Male,5.224.177.36
838,Dona,McGeoch,dmcgeochn9@accuweather.com,Female,131.9.159.141
839,Michel,Gear,mgearna@quantcast.com,Female,40.117.0.48
840,Cristal,Stallybrass,cstallybrassnb@bigcartel.com,Female,136.21.247.39
841,Joshia,Richarson,jricharsonnc@yellowbook.com,Male,122.141.50.62
842,Ricard,Clementet,rclementetnd@facebook.com,Male,18.60.91.241
843,Mar,Gounot,mgounotne@jiathis.com,Male,197.5.87.115
844,Karita,Curless,kcurlessnf@hubpages.com,Female,2.156.49.210
845,Valera,Stoney,vstoneyng@tamu.edu,Female,69.187.139.9
846,Thaddus,Rittmeier,trittmeiernh@europa.eu,Male,142.56.229.66
847,Sibilla,Saban,ssabanni@phoca.cz,Polygender,189.202.211.80
848,Kassey,Leavy,kleavynj@macromedia.com,Female,33.134.90.154
849,Colly,Bonney,cbonneynk@foxnews.com,Female,28.100.191.193
850,Ciel,Blais,cblaisnl@constantcontact.com,Female,15.245.21.30
851,Tine,Medeway,tmedewaynm@shareasale.com,Bigender,156.128.48.145
852,Gerri,Ivachyov,givachyovnn@abc.net.au,Male,86.92.183.48
853,Chrotoem,Tipper,ctipperno@ed.gov,Male,67.242.178.135
854,Eward,Fosbraey,efosbraeynp@tinyurl.com,Male,61.186.201.116
855,Alisander,Hucke,ahuckenq@surveymonkey.com,Male,141.232.9.74
856,Gregoire,Claricoats,gclaricoatsnr@gizmodo.com,Male,161.87.145.126
857,Veronike,Cowperthwaite,vcowperthwaitens@istockphoto.com,Female,216.96.86.184
858,Marcos,Paddingdon,mpaddingdonnt@phoca.cz,Male,77.93.232.33
859,Jonathon,Stollmeier,jstollmeiernu@webeden.co.uk,Male,188.243.207.246
860,Christyna,Dominighi,cdominighinv@sun.com,Female,189.186.146.78
861,Lil,Fazakerley,lfazakerleynw@cnbc.com,Female,34.95.228.72
862,Alma,Riccetti,ariccettinx@imgur.com,Female,131.89.156.223
863,Thatch,Shilstone,tshilstoneny@nsw.gov.au,Male,102.255.104.214
864,Drusy,de Pinna,ddepinnanz@nba.com,Agender,254.15.179.195
865,Abran,Grassick,agrassicko0@dailymail.co.uk,Male,211.197.224.177
866,Kira,Culleford,kcullefordo1@fotki.com,Female,162.172.127.42
867,Alasdair,Beckhurst,abeckhursto2@va.gov,Male,236.113.159.54
868,Bibi,Navarro,bnavarroo3@gravatar.com,Female,45.98.38.137
869,Antonietta,Cavy,acavyo4@mtv.com,Female,126.67.234.210
870,Ally,Du Plantier,aduplantiero5@artisteer.com,Female,240.149.211.190
871,Othello,Camili,ocamilio6@gmpg.org,Male,236.64.56.203
872,Rowney,Okie,rokieo7@redcross.org,Male,203.66.74.31
873,Dieter,Camlin,dcamlino8@de.vu,Male,8.222.39.167
874,Salmon,Livingstone,slivingstoneo9@foxnews.com,Male,66.6.65.211
875,Seumas,Bellson,sbellsonoa@princeton.edu,Male,240.234.126.254
876,Trefor,Chitham,tchithamob@imdb.com,Male,84.19.123.139
877,Emmett,Glazzard,eglazzardoc@parallels.com,Male,107.16.148.236
878,Sapphire,Rowatt,srowattod@themeforest.net,Female,120.115.174.29
879,Willette,Shildrake,wshildrakeoe@twitpic.com,Female,14.251.64.54
880,Inigo,Olyfat,iolyfatof@netlog.com,Male,99.178.167.28
881,Simone,Huggill,shuggillog@geocities.com,Female,104.76.6.4
882,Anneliese,Iglesia,aiglesiaoh@google.nl,Agender,195.186.238.40
883,Deane,Paige,dpaigeoi@youtu.be,Genderqueer,192.81.134.138
884,Karoline,Nozzolinii,knozzoliniioj@xinhuanet.com,Non-binary,210.59.161.88
885,Cynthia,Caffin,ccaffinok@opera.com,Female,226.247.88.165
886,Scott,Pavlovsky,spavlovskyol@sitemeter.com,Male,146.165.28.250
887,Anne-corinne,Seadon,aseadonom@parallels.com,Polygender,107.232.104.162
888,Arney,Karpenya,akarpenyaon@blogger.com,Male,8.246.79.76
889,Lyndell,Whistlecraft,lwhistlecraftoo@aol.com,Female,206.255.179.150
890,Solly,Colleran,scolleranop@51.la,Male,118.184.42.79
891,Thayne,Parr,tparroq@alibaba.com,Male,13.149.158.123
892,Dante,Gabitis,dgabitisor@squidoo.com,Non-binary,134.111.27.9
893,Susann,Kleinschmidt,skleinschmidtos@aol.com,Genderfluid,110.150.197.6
894,Gawen,Boddis,gboddisot@theatlantic.com,Male,219.49.111.178
895,Lynna,Schiementz,lschiementzou@epa.gov,Female,54.68.111.102
896,Johnathon,Stamp,jstampov@mayoclinic.com,Male,78.251.234.1
897,Rora,Thiem,rthiemow@phoca.cz,Female,210.119.54.76
898,Kathe,Gipps,kgippsox@sohu.com,Female,127.50.48.250
899,Derk,Ormond,dormondoy@flickr.com,Male,211.215.40.71
900,Adrien,Hattigan,ahattiganoz@patch.com,Male,11.123.163.153
901,Joycelin,Guillard,jguillardp0@shareasale.com,Female,8.24.181.126
902,Jamil,Kellitt,jkellittp1@sciencedaily.com,Male,25.34.64.25
903,Gearalt,Durward,gdurwardp2@arizona.edu,Male,235.3.138.47
904,Joann,Stuckey,jstuckeyp3@umn.edu,Non-binary,86.79.95.112
905,Steffen,Nourse,snoursep4@marriott.com,Male,175.171.165.119
906,Vivien,Dolder,vdolderp5@sitemeter.com,Female,251.251.58.195
907,Camella,Kidds,ckiddsp6@ovh.net,Female,32.79.232.107
908,Normie,Mudie,nmudiep7@mapy.cz,Male,128.225.104.81
909,Dodie,Munden,dmundenp8@prlog.org,Female,134.16.108.11
910,Earvin,Heffer,ehefferp9@vimeo.com,Male,133.148.20.105
911,Izzy,Hallmark,ihallmarkpa@topsy.com,Polygender,113.11.243.51
912,Louise,Haughian,lhaughianpb@google.com.br,Female,199.38.153.255
913,Marys,Huniwall,mhuniwallpc@ucoz.com,Female,118.218.59.105
914,Verla,Quarry,vquarrypd@eventbrite.com,Female,119.122.159.249
915,Nicholle,Kenen,nkenenpe@hc360.com,Female,143.151.172.216
916,Noam,Widdall,nwiddallpf@cnbc.com,Male,146.237.194.31
917,Nady,Woodworth,nwoodworthpg@nasa.gov,Female,158.219.234.220
918,Titos,Dibsdale,tdibsdaleph@who.int,Male,167.137.112.1
919,Art,Gibben,agibbenpi@nifty.com,Male,211.138.212.116
920,Alex,Gingell,agingellpj@irs.gov,Male,255.189.117.6
921,Carol,Fearneley,cfearneleypk@ebay.co.uk,Female,128.108.220.48
922,Zora,Vasilevich,zvasilevichpl@wikimedia.org,Female,223.59.135.39
923,Randall,Massimo,rmassimopm@slideshare.net,Male,217.72.132.144
924,Vonni,Alchin,valchinpn@ameblo.jp,Female,87.145.26.51
925,Gayelord,Oliff,goliffpo@opensource.org,Male,255.165.110.123
926,Ginny,Hainey`,ghaineypp@infoseek.co.jp,Female,81.28.136.93
927,Onofredo,MacKnockiter,omacknockiterpq@nih.gov,Genderqueer,197.113.97.254
928,Calli,Calvey,ccalveypr@unc.edu,Female,194.49.169.73
929,Donnie,Brummell,dbrummellps@cmu.edu,Female,226.242.174.138
930,Miof mela,Divis,mdivispt@sina.com.cn,Bigender,165.85.178.200
931,Birch,Slora,bslorapu@un.org,Male,132.50.56.58
932,Gardie,Halliberton,ghallibertonpv@cpanel.net,Genderqueer,132.0.116.130
933,Alexis,Borell,aborellpw@guardian.co.uk,Female,76.7.162.251
934,Mozelle,Rosingdall,mrosingdallpx@time.com,Female,36.8.82.158
935,Malynda,Travers,mtraverspy@pcworld.com,Female,68.141.66.83
936,Lucho,Lippiett,llippiettpz@amazon.com,Male,51.83.15.147
937,Darline,Gurnay,dgurnayq0@cam.ac.uk,Female,142.249.82.126
938,Emmery,Schober,eschoberq1@zdnet.com,Male,4.145.44.115
939,Jeromy,Lattka,jlattkaq2@loc.gov,Male,218.62.59.1
940,Karol,Ferreiro,kferreiroq3@ebay.com,Female,246.69.108.132
941,Cammy,Merida,cmeridaq4@dailymotion.com,Male,91.3.191.30
942,Aksel,Narup,anarupq5@amazon.com,Genderfluid,201.57.130.1
943,Patric,Mixworthy,pmixworthyq6@globo.com,Male,234.165.106.220
944,Adam,Gerriessen,agerriessenq7@tripod.com,Male,249.110.176.122
945,Inga,Drew-Clifton,idrewcliftonq8@simplemachines.org,Female,82.239.106.11
946,Maxie,Nineham,mninehamq9@google.com,Female,102.8.115.132
947,Sid,Galland,sgallandqa@biblegateway.com,Male,231.60.189.125
948,Rodge,Drummond,rdrummondqb@wikia.com,Male,160.219.192.72
949,Adeline,Mansbridge,amansbridgeqc@geocities.com,Female,197.255.54.102
950,Reginald,Grubbe,rgrubbeqd@illinois.edu,Male,91.32.97.25
951,Jordain,Kerner,jkernerqe@businessweek.com,Female,123.109.237.130
952,Lindsey,Jira,ljiraqf@yandex.ru,Female,137.90.190.29
953,Winni,Cornier,wcornierqg@un.org,Female,239.151.249.170
954,Basilius,McGerraghty,bmcgerraghtyqh@mediafire.com,Male,0.228.15.223
955,Pearla,Bolley,pbolleyqi@pcworld.com,Female,180.66.162.163
956,Betti,Ferraraccio,bferraraccioqj@vkontakte.ru,Female,72.255.110.10
957,Kayne,Riglar,kriglarqk@booking.com,Male,88.181.77.87
958,Melesa,Struthers,mstruthersql@wikipedia.org,Female,54.17.217.53
959,Paloma,Gaitskill,pgaitskillqm@technorati.com,Genderqueer,21.144.104.8
960,Allene,Semechik,asemechikqn@nationalgeographic.com,Female,67.229.91.172
961,Cully,Huggon,chuggonqo@dmoz.org,Male,66.137.200.47
962,Gearalt,Steljes,gsteljesqp@ehow.com,Male,114.14.27.95
963,Lotta,Brumwell,lbrumwellqq@1688.com,Female,38.187.232.216
964,Kip,Luby,klubyqr@unicef.org,Male,43.230.163.48
965,Susann,Poveleye,spoveleyeqs@naver.com,Female,97.15.181.119
966,Penelope,Duffitt,pduffittqt@nifty.com,Female,129.69.56.19
967,Laina,Wellbank,lwellbankqu@infoseek.co.jp,Female,185.103.118.206
968,Obadiah,Tessington,otessingtonqv@wikispaces.com,Non-binary,180.54.20.124
969,Allsun,Lawlan,alawlanqw@joomla.org,Female,54.220.43.46
970,Rochester,Mulliner,rmullinerqx@java.com,Male,4.53.69.145
971,Lenna,Sketchley,lsketchleyqy@google.es,Agender,192.47.169.74
972,Kaine,McShea,kmcsheaqz@newsvine.com,Male,29.63.146.76
973,Ros,Gallardo,rgallardor0@clickbank.net,Female,98.245.13.172
974,Judah,Vasyutochkin,jvasyutochkinr1@purevolume.com,Male,249.171.104.243
975,Eddi,Bourget,ebourgetr2@noaa.gov,Female,156.81.188.210
976,Byrle,Lawrance,blawrancer3@icio.us,Male,1.70.230.120
977,Perri,Demead,pdemeadr4@latimes.com,Female,110.248.27.229
978,Orson,Durnford,odurnfordr5@salon.com,Male,34.59.88.3
979,Gayle,Breedy,gbreedyr6@upenn.edu,Genderqueer,109.20.239.54
980,Wood,Granger,wgrangerr7@xing.com,Male,166.125.80.136
981,Morly,MacKessock,mmackessockr8@thetimes.co.uk,Male,34.111.172.163
982,Carmelia,Werrett,cwerrettr9@imgur.com,Female,185.129.233.212
983,Vite,Nottram,vnottramra@census.gov,Male,252.142.54.211
984,Adelheid,Jerdein,ajerdeinrb@cbc.ca,Female,34.252.89.5
985,Ode,Pellingar,opellingarrc@msn.com,Male,57.179.139.120
986,Keven,Szwarc,kszwarcrd@irs.gov,Male,143.20.251.96
987,Avivah,Kiffin,akiffinre@storify.com,Female,103.20.170.10
988,Ranna,Netti,rnettirf@moonfruit.com,Female,167.35.160.138
989,Bili,Morriss,bmorrissrg@technorati.com,Female,175.112.129.152
990,Jess,Ordelt,jordeltrh@harvard.edu,Male,64.161.104.20
991,Cory,Kempstone,ckempstoneri@bandcamp.com,Male,1.48.143.136
992,Dory,Ovitts,dovittsrj@indiegogo.com,Female,37.164.201.88
993,Issy,Carbin,icarbinrk@europa.eu,Female,133.39.173.130
994,Wilmer,Laird-Craig,wlairdcraigrl@rakuten.co.jp,Male,21.178.4.62
995,Reina,Haggart,rhaggartrm@1688.com,Female,98.201.250.101
996,Sybila,Buckeridge,sbuckeridgern@eventbrite.com,Female,16.81.62.139
997,Gertruda,Shelbourne,gshelbournero@irs.gov,Female,35.252.151.149
998,Fran,Gummie,fgummierp@examiner.com,Male,181.47.234.17
999,Oliviero,Barrable,obarrablerq@marketwatch.com,Male,255.93.194.53
1000,Helli,Brammer,hbrammerrr@deliciousdays.com,Female,1.184.195.175
